Mã c? tri,CCCD,H? và tên,Ngày sinh,Email,SÐT,Ð?a ch?
CT001,602276804025,Nguy?n Gia Khánh,8/20/1997,ph?m.anh.mai778@gmail.com,0863193008,"619 Tr?n Hung Ð?o, TP.HCM"
CT002,759358685702,Hoàng Th? Linh,1/22/1969,vu.minh.tài167@outlook.com,0336760652,"474 Hai Bà Trung, Ðà N?ng"
CT003,965687203229,Hu?nh Ng?c Khánh,10/14/2004,vu.anh.giang143@outlook.com,0875745391,"506 Lê L?i, TP.HCM"
CT004,811653542596,Tr?n Gia Mai,7/8/1990,tr?n.minh.son465@yahoo.com,0998251982,"655 Ph?m Ngu Lão, Hu?"
CT005,131999541398,Ph?m Van Linh,1/24/1967,tr?n.anh.châu132@yahoo.com,0791569976,"731 Tr?n Hung Ð?o, C?n Tho"
CT006,964512352206,Ph?m Th? Bình,8/23/1989,tr?n.gia.linh686@outlook.com,0721954781,"100 CMT8, C?n Tho"
CT007,348066078115,Lê Qu?c H?nh,12/27/1984,võ.d?c.châu828@student.edu.vn,0506500724,"493 Nguy?n Hu?, C?n Tho"
CT008,910397267764,Ph?m Minh Khánh,3/31/1965,bùi.gia.bình59@outlook.com,0955819015,"692 Nguy?n Hu?, C?n Tho"
CT009,182564559272,Vu Thanh Nam,1/7/2001,phan.th?.an637@student.edu.vn,0590229883,"162 Hai Bà Trung, Hu?"
CT010,769608269111,Ð?ng Thanh Mai,4/11/1985,bùi.d?c.oanh704@yahoo.com,0352906803,"134 CMT8, Ðà N?ng"
CT011,147519610354,Nguy?n Minh Phuong,7/31/1963,phan.d?c.linh363@gmail.com,0584619898,"903 Hai Bà Trung, TP.HCM"
CT012,197467217304,Ph?m Anh Phuong,5/19/1987,ngô.d?c.linh676@gmail.com,0832073568,"340 Lê L?i, TP.HCM"
CT013,825905374918,Ph?m Minh Bình,2/13/1999,nguy?n.gia.huy373@yahoo.com,0706338733,"419 Tr?n Hung Ð?o, C?n Tho"
CT014,651637154832,Truong Kim Oanh,9/18/2001,võ.anh.khánh813@student.edu.vn,0862660923,"826 Nguy?n Hu?, Hà N?i"
CT015,024804616426,Nguy?n Th? Son,8/19/1979,lê.gia.tài571@gmail.com,0891145537,"454 Ph?m Ngu Lão, Hu?"
CT016,494184782742,Võ Th? Nam,1/13/1981,hoàng.ng?c.oanh142@gmail.com,0826704542,"431 Hai Bà Trung, Hu?"
CT017,908549238857,Truong Kim Linh,10/20/2003,ph?m.minh.son30@student.edu.vn,0736414160,"404 Ph?m Ngu Lão, Hu?"
CT018,604812343829,Vu Minh Châu,3/12/2002,nguy?n.gia.bình230@outlook.com,0976791011,"686 Lê L?i, Hu?"
CT019,942369771359,Bùi Qu?c Quyên,10/16/1977,tr?n.kim.linh714@gmail.com,0386197343,"519 CMT8, Ðà N?ng"
CT020,044438411566,Ð?ng Anh Tài,1/28/1999,ngô.kim.mai873@outlook.com,0880824630,"872 Tr?n Hung Ð?o, Hà N?i"
CT021,432258551245,Ph?m Anh Uy,3/16/2000,truong.van.châu227@outlook.com,0763545473,"720 Hai Bà Trung, Ðà N?ng"
CT022,327379617257,Bùi Minh Dung,5/31/1977,hoàng.d?c.phuong310@yahoo.com,0971002967,"106 Lê L?i, Hu?"
CT023,243928104561,Truong Kim Nam,8/23/1967,ph?m.th?.huy621@student.edu.vn,0572544893,"636 Lê L?i, Hu?"
CT024,907620251464,Nguy?n Ð?c Nam,5/13/1985,hu?nh.anh.châu947@yahoo.com,0376694569,"847 Nguy?n Hu?, TP.HCM"
CT025,075894434254,Bùi Van Son,11/30/1988,bùi.minh.an235@gmail.com,0550785715,"453 Tr?n Hung Ð?o, Hà N?i"
CT026,948944311446,Vu Gia Bình,10/20/2000,tr?n.ng?c.mai119@outlook.com,0788084056,"511 CMT8, C?n Tho"
CT027,725946196215,Ð?ng Qu?c Châu,2/27/1980,ngô.th?.tài664@gmail.com,0847528925,"393 Nguy?n Hu?, Hu?"
CT028,588274958225,Ð? Anh Giang,1/23/2000,d?ng.anh.phuong566@outlook.com,0539892384,"326 CMT8, C?n Tho"
CT029,783689405588,Võ Th? Vy,12/28/2000,nguy?n.thanh.son77@yahoo.com,0772630365,"978 Tr?n Hung Ð?o, C?n Tho"
CT030,800699740684,Hu?nh Minh An,2/16/1964,phan.van.nam384@outlook.com,0715571086,"247 Hai Bà Trung, Hu?"
CT031,142208961435,Ð? Qu?c Mai,12/25/2000,ngô.minh.khánh874@student.edu.vn,0713326083,"9 Ph?m Ngu Lão, TP.HCM"
CT032,978972821277,Ð? Thanh Dung,7/15/1963,hoàng.anh.bình750@outlook.com,0802711595,"936 Tr?n Hung Ð?o, Hà N?i"
CT033,284873191987,Vu Gia Phuong,2/7/1968,truong.qu?c.an550@outlook.com,0946658912,"26 Ph?m Ngu Lão, Hu?"
CT034,366647610091,Ph?m Gia Giang,11/13/1994,võ.ng?c.huy602@student.edu.vn,0886869262,"456 Nguy?n Hu?, Ðà N?ng"
CT035,065933118466,Bùi Van Bình,12/2/1989,ph?m.thanh.khánh850@gmail.com,0522831908,"149 Nguy?n Hu?, Hu?"
CT036,216007231075,Hu?nh Th? Uy,3/20/2000,truong.ng?c.vy463@gmail.com,0526796360,"491 Hai Bà Trung, C?n Tho"
CT037,649006026539,Ð?ng Minh Tài,5/9/2005,bùi.qu?c.dung874@gmail.com,0572423440,"438 Tr?n Hung Ð?o, Ðà N?ng"
CT038,319080078555,Phan Th? Son,9/21/1991,ngô.qu?c.bình615@outlook.com,0335262183,"781 Tr?n Hung Ð?o, Hu?"
CT039,245766566602,Truong Minh Oanh,6/29/1991,nguy?n.thanh.giang72@student.edu.vn,0879053413,"333 Ph?m Ngu Lão, Hu?"
CT040,001662644271,Vu Th? Nam,8/28/2003,d?ng.minh.bình405@yahoo.com,0502977214,"441 Nguy?n Hu?, Hà N?i"
CT041,375880800985,Bùi Qu?c Son,12/21/1985,tr?n.qu?c.an176@outlook.com,0546341440,"892 Tr?n Hung Ð?o, Ðà N?ng"
CT042,270651739611,Hoàng Ð?c H?nh,9/18/1973,truong.th?.h?nh476@student.edu.vn,0574956686,"155 Hai Bà Trung, TP.HCM"
CT043,467530403269,Tr?n Kim Vy,6/29/1994,võ.kim.huy461@gmail.com,0563410183,"732 Lê L?i, Hu?"
CT044,607956393760,Ð? Ng?c Châu,7/30/1989,tr?n.gia.quyên259@outlook.com,0583513963,"610 CMT8, TP.HCM"
CT045,337868765643,Phan Minh H?nh,3/20/1979,phan.anh.khánh141@yahoo.com,0808178803,"785 Ph?m Ngu Lão, Hà N?i"
CT046,511669703796,Truong Anh Linh,6/16/1981,hoàng.anh.khánh695@outlook.com,0594235988,"142 Tr?n Hung Ð?o, TP.HCM"
CT047,685188272914,Ph?m Anh Phuong,5/23/1962,vu.van.quyên242@outlook.com,0793098671,"294 Hai Bà Trung, Hà N?i"
CT048,746902196472,Tr?n Van Linh,8/30/1997,d?.kim.tài114@gmail.com,0750521462,"427 Nguy?n Hu?, TP.HCM"
CT049,539575080337,Phan Th? Phuong,8/19/1981,hu?nh.th?.oanh46@yahoo.com,0358174668,"65 CMT8, C?n Tho"
CT050,027833384062,Ngô Van Oanh,7/5/1984,tr?n.ng?c.son762@student.edu.vn,0783944958,"745 Hai Bà Trung, TP.HCM"
CT051,491213247144,Hu?nh Ng?c Son,8/18/1984,d?.van.châu373@student.edu.vn,0586916700,"798 CMT8, Ðà N?ng"
CT052,390143401332,Tr?n Van H?nh,10/8/2004,d?ng.qu?c.huy269@gmail.com,0372669210,"177 CMT8, C?n Tho"
CT053,989967522177,Lê Ng?c Vy,2/12/1980,tr?n.d?c.giang810@yahoo.com,0705385603,"735 CMT8, C?n Tho"
CT054,578096463876,Lê Thanh Son,2/10/2005,ngô.van.dung312@yahoo.com,0819295201,"980 Ph?m Ngu Lão, Ðà N?ng"
CT055,135519167685,Ngô Van Châu,1/29/1964,d?.kim.mai786@yahoo.com,0546462948,"702 Hai Bà Trung, Ðà N?ng"
CT056,461443183933,Truong Ng?c Vy,7/11/1969,phan.d?c.tài274@gmail.com,0720236281,"336 Ph?m Ngu Lão, Ðà N?ng"
CT057,119484034250,Hoàng Anh Uy,8/20/1985,d?ng.van.dung138@student.edu.vn,0377345150,"517 Hai Bà Trung, Hu?"
CT058,296193739715,Ð?ng Van Bình,6/29/1963,lê.ng?c.uy153@student.edu.vn,0581933685,"520 Ph?m Ngu Lão, Hu?"
CT059,454031438865,Hoàng Kim Linh,8/9/1964,bùi.anh.h?nh152@student.edu.vn,0809103164,"794 Ph?m Ngu Lão, C?n Tho"
CT060,870123653193,Phan Minh Uy,4/1/1977,ph?m.minh.huy231@outlook.com,0377644597,"295 Lê L?i, Hu?"
CT061,639898227342,Võ Ð?c Khánh,4/28/1984,d?ng.minh.giang631@gmail.com,0520922134,"698 Nguy?n Hu?, TP.HCM"
CT062,991684672207,Ð? Kim Linh,5/7/1963,lê.qu?c.h?nh857@gmail.com,0771782026,"951 Tr?n Hung Ð?o, Ðà N?ng"
CT063,465815283767,Nguy?n Ng?c Nam,4/30/1977,lê.kim.quyên528@student.edu.vn,0306113222,"772 Tr?n Hung Ð?o, Ðà N?ng"
CT064,370660134587,Hoàng Th? Nam,12/21/1992,bùi.d?c.linh490@yahoo.com,0849379788,"781 Nguy?n Hu?, Hu?"
CT065,804705055513,Ð?ng Anh Dung,6/5/1978,hu?nh.kim.uy921@gmail.com,0540145563,"23 Hai Bà Trung, Ðà N?ng"
CT066,875030990904,Truong Thanh Son,8/5/1993,vu.anh.quyên83@student.edu.vn,0518193198,"775 Lê L?i, Ðà N?ng"
CT067,474324118706,Bùi Van Linh,6/27/1978,tr?n.th?.bình613@student.edu.vn,0920457719,"240 CMT8, Hu?"
CT068,356331623098,Lê Qu?c Huy,6/18/2004,nguy?n.ng?c.quyên714@outlook.com,0742152281,"475 Lê L?i, Hu?"
CT069,445323043580,Vu Kim Bình,7/12/1966,ph?m.kim.huy491@yahoo.com,0883909919,"491 Nguy?n Hu?, Hu?"
CT070,732324633848,Hu?nh Anh Oanh,3/23/1978,phan.ng?c.son577@gmail.com,0870557212,"584 Nguy?n Hu?, C?n Tho"
CT071,593747747315,Lê Gia Bình,1/13/1963,ngô.th?.bình423@gmail.com,0882705366,"632 Hai Bà Trung, C?n Tho"
CT072,054075256491,Tr?n Gia Giang,8/14/1981,ph?m.kim.vy835@outlook.com,0323345926,"869 Lê L?i, TP.HCM"
CT073,035001447580,Ð?ng Van Linh,12/19/1978,ngô.kim.uy48@outlook.com,0962561802,"148 CMT8, C?n Tho"
CT074,925586537760,Hu?nh Ng?c Bình,10/5/1968,vu.d?c.châu620@outlook.com,0593702943,"964 Hai Bà Trung, C?n Tho"
CT075,153722023713,Phan Th? Châu,6/19/1960,hoàng.anh.phuong105@outlook.com,0804551055,"804 Tr?n Hung Ð?o, C?n Tho"
CT076,047759256122,Lê Th? H?nh,12/30/1998,hoàng.qu?c.nam802@student.edu.vn,0939746410,"406 Tr?n Hung Ð?o, Hu?"
CT077,384486536641,Vu Ng?c Nam,1/19/2004,bùi.d?c.oanh288@student.edu.vn,0739191707,"966 CMT8, Hà N?i"
CT078,426874462677,Tr?n Anh Uy,12/16/1995,d?ng.gia.son810@gmail.com,0378591261,"628 Lê L?i, Hu?"
CT079,963794025555,Võ Ng?c Quyên,7/17/2001,truong.kim.vy354@yahoo.com,0942908733,"804 Nguy?n Hu?, Hu?"
CT080,444633818661,Hu?nh Ð?c Vy,8/26/1975,d?ng.thanh.oanh982@student.edu.vn,0724164061,"607 Hai Bà Trung, C?n Tho"
CT081,022775753116,Võ Gia Oanh,11/12/1994,bùi.qu?c.dung361@outlook.com,0768726011,"313 Lê L?i, Hà N?i"
CT082,313554459911,Hoàng Thanh H?nh,3/22/1988,ngô.anh.bình975@outlook.com,0941356447,"455 Hai Bà Trung, Hà N?i"
CT083,007225147751,Tr?n Minh Huy,11/29/1992,d?ng.van.tài436@yahoo.com,0976280280,"887 Lê L?i, Hà N?i"
CT084,276864678855,Bùi Gia H?nh,1/13/1989,hu?nh.minh.nam976@outlook.com,0596097998,"130 CMT8, Hà N?i"
CT085,278764524468,Tr?n Qu?c Vy,12/16/1984,hu?nh.ng?c.tài336@student.edu.vn,0507774630,"548 Hai Bà Trung, Hà N?i"
CT086,984325187870,Ð? Anh An,2/23/1971,ngô.thanh.tài1@student.edu.vn,0726161926,"257 Lê L?i, Ðà N?ng"
CT087,660677400205,Ð?ng Anh An,9/21/1960,hu?nh.ng?c.dung711@student.edu.vn,0842081323,"833 Nguy?n Hu?, Hà N?i"
CT088,056132796428,Lê Th? Quyên,7/16/1991,vu.ng?c.giang284@yahoo.com,0926729088,"211 Ph?m Ngu Lão, Hu?"
CT089,572089414559,Phan Ng?c Giang,9/14/1994,ngô.kim.son560@outlook.com,0879700200,"809 Hai Bà Trung, Hu?"
CT090,277446510099,Lê Gia Oanh,1/20/1995,bùi.th?.nam748@student.edu.vn,0800446377,"123 Lê L?i, Hà N?i"
CT091,719577117287,Nguy?n Ng?c Son,5/26/1984,d?ng.th?.mai509@gmail.com,0750811786,"119 Nguy?n Hu?, Hu?"
CT092,080039190876,Ph?m Ng?c Linh,5/5/1997,hu?nh.ng?c.mai586@gmail.com,0316025048,"887 Tr?n Hung Ð?o, Ðà N?ng"
CT093,350253645471,Ð?ng Ð?c Giang,7/27/1960,vu.van.linh652@outlook.com,0990687152,"504 Lê L?i, Hà N?i"
CT094,709857390018,Tr?n Kim Bình,1/9/1999,d?.thanh.linh268@outlook.com,0393834291,"789 Ph?m Ngu Lão, TP.HCM"
CT095,114459232116,Ngô Kim Bình,4/16/1979,ngô.ng?c.giang729@gmail.com,0893028198,"570 CMT8, Hu?"
CT096,248108918366,Bùi Kim Mai,9/23/1966,nguy?n.th?.khánh829@student.edu.vn,0808819094,"742 Hai Bà Trung, C?n Tho"
CT097,061212806224,Ð?ng Anh Bình,11/14/1967,hoàng.qu?c.giang205@student.edu.vn,0529503747,"353 Ph?m Ngu Lão, Hu?"
CT098,320508284352,Lê Th? Linh,8/20/1981,hoàng.gia.bình590@yahoo.com,0738815869,"29 CMT8, Ðà N?ng"
CT099,955198434022,Ð?ng Anh An,10/5/1989,bùi.d?c.giang735@outlook.com,0898305978,"882 Tr?n Hung Ð?o, TP.HCM"
CT100,393131197961,Ð?ng Kim Phuong,1/11/1980,d?.kim.h?nh315@student.edu.vn,0317993990,"617 Tr?n Hung Ð?o, Hu?"
CT101,259172918076,Phan Anh An,10/17/1983,ph?m.d?c.châu263@outlook.com,0970441483,"385 Lê L?i, C?n Tho"
CT102,757247002138,Lê Th? Huy,5/8/1968,phan.kim.uy442@gmail.com,0864039459,"554 Tr?n Hung Ð?o, Ðà N?ng"
CT103,203540008640,Ph?m Thanh Nam,5/8/1967,võ.th?.nam483@student.edu.vn,0782633310,"451 Hai Bà Trung, Ðà N?ng"
CT104,220760359558,Ngô Gia Son,8/7/2002,bùi.d?c.uy81@outlook.com,0797598661,"776 Hai Bà Trung, Hà N?i"
CT105,912100628153,Hu?nh Th? Châu,10/26/1994,d?ng.qu?c.huy878@outlook.com,0359075711,"581 Ph?m Ngu Lão, Hu?"
CT106,799512534346,Nguy?n Thanh Mai,2/25/1996,lê.kim.quyên406@gmail.com,0360423373,"864 Hai Bà Trung, TP.HCM"
CT107,923773760494,Võ Gia Phuong,1/15/1965,d?ng.thanh.châu727@outlook.com,0547551820,"34 Hai Bà Trung, TP.HCM"
CT108,972856103518,Bùi Gia Phuong,11/19/1990,lê.minh.châu29@outlook.com,0708722226,"526 Lê L?i, TP.HCM"
CT109,411826977288,Võ Minh Khánh,11/13/2001,hoàng.gia.quyên8@gmail.com,0599855264,"345 Tr?n Hung Ð?o, Ðà N?ng"
CT110,827821788866,Ð? Thanh An,8/14/2004,hoàng.minh.son398@student.edu.vn,0959837664,"964 CMT8, Ðà N?ng"
CT111,588810128716,Phan Th? Linh,11/15/1991,ph?m.minh.son381@outlook.com,0354106564,"200 Ph?m Ngu Lão, TP.HCM"
CT112,832081245943,Hu?nh Thanh Châu,9/29/2003,phan.thanh.oanh5@gmail.com,0727174706,"649 Hai Bà Trung, C?n Tho"
CT113,440579875007,Ph?m Ng?c Nam,7/26/1971,tr?n.qu?c.vy172@outlook.com,0982275389,"351 Hai Bà Trung, Ðà N?ng"
CT114,719802920517,Truong Van Quyên,12/12/1982,truong.gia.bình678@gmail.com,0960643541,"712 CMT8, TP.HCM"
CT115,366261817111,Ph?m Kim Khánh,8/5/1983,ngô.gia.khánh721@outlook.com,0720429306,"929 Lê L?i, Hu?"
CT116,610571229240,Lê Van Nam,4/25/1992,truong.ng?c.son98@gmail.com,0901638927,"382 Tr?n Hung Ð?o, Hà N?i"
CT117,144864481179,Ngô Thanh Dung,4/28/1997,bùi.anh.tài626@yahoo.com,0776887844,"909 Hai Bà Trung, C?n Tho"
CT118,023767559635,Hu?nh Kim Dung,10/31/1998,d?.d?c.uy680@outlook.com,0718860954,"508 Nguy?n Hu?, TP.HCM"
CT119,733255380450,Võ Anh Oanh,8/25/1970,võ.van.dung423@student.edu.vn,0950066352,"688 Hai Bà Trung, Ðà N?ng"
CT120,302456467172,Phan Ng?c Nam,10/30/2006,phan.th?.bình505@yahoo.com,0887421182,"845 Nguy?n Hu?, Ðà N?ng"
CT121,149857469145,Nguy?n Gia Son,4/29/2003,d?ng.thanh.h?nh107@yahoo.com,0766384662,"408 Tr?n Hung Ð?o, Ðà N?ng"
CT122,414772787962,Bùi Minh Phuong,11/26/1971,hu?nh.thanh.vy728@outlook.com,0975597685,"899 Hai Bà Trung, TP.HCM"
CT123,501617122862,Truong Gia Bình,3/6/1992,ngô.anh.dung761@yahoo.com,0535766034,"808 CMT8, Ðà N?ng"
CT124,907288426735,Hu?nh Kim Khánh,5/11/1977,hoàng.anh.h?nh192@gmail.com,0871022180,"478 CMT8, Hà N?i"
CT125,095768375075,Lê Gia Châu,4/26/2005,lê.qu?c.huy95@student.edu.vn,0322332759,"844 CMT8, TP.HCM"
CT126,132692083712,Hu?nh Minh An,5/15/2006,ngô.ng?c.vy499@student.edu.vn,0926300975,"642 Lê L?i, Hà N?i"
CT127,678415797697,Lê Van Tài,10/4/1989,nguy?n.th?.châu183@gmail.com,0355223640,"690 Lê L?i, Hu?"
CT128,070708352662,Võ Qu?c Quyên,10/6/1962,võ.thanh.huy140@yahoo.com,0778262898,"664 Tr?n Hung Ð?o, TP.HCM"
CT129,551055937934,Ð? Gia Giang,6/10/1974,lê.d?c.mai118@yahoo.com,0865079560,"688 Lê L?i, Ðà N?ng"
CT130,074316169346,Hoàng Kim Giang,9/12/1992,truong.ng?c.son5@yahoo.com,0322748178,"474 Hai Bà Trung, Ðà N?ng"
CT131,741602881767,Nguy?n Gia An,5/6/1996,truong.kim.khánh565@gmail.com,0359473277,"298 Nguy?n Hu?, C?n Tho"
CT132,503029967115,Bùi Thanh Uy,3/10/1992,nguy?n.d?c.uy65@yahoo.com,0330293440,"665 Tr?n Hung Ð?o, TP.HCM"
CT133,758825163685,Vu Ð?c Vy,5/29/1996,phan.ng?c.uy909@student.edu.vn,0508425211,"617 CMT8, TP.HCM"
CT134,643164564215,Lê Gia Bình,3/5/1973,nguy?n.thanh.mai530@yahoo.com,0755076204,"483 Hai Bà Trung, Hà N?i"
CT135,241576516950,Vu Qu?c Giang,9/27/1969,nguy?n.d?c.vy847@student.edu.vn,0861958570,"676 Nguy?n Hu?, Hu?"
CT136,509644864947,Phan Kim Dung,3/4/1998,lê.minh.uy932@yahoo.com,0928417751,"8 Hai Bà Trung, Hà N?i"
CT137,633162843267,Vu Gia Huy,4/14/2003,lê.ng?c.huy260@student.edu.vn,0357318127,"973 Nguy?n Hu?, TP.HCM"
CT138,243567190019,Vu Th? Châu,8/8/1983,ph?m.ng?c.châu742@gmail.com,0794629071,"507 Hai Bà Trung, TP.HCM"
CT139,268205521020,Lê Th? Mai,11/1/1995,phan.qu?c.quyên531@yahoo.com,0970028939,"284 Nguy?n Hu?, Hu?"
CT140,944015553152,Ð?ng Kim Mai,9/21/1999,vu.kim.uy776@yahoo.com,0394450106,"226 CMT8, Hà N?i"
CT141,843572237351,Phan Ng?c Khánh,2/21/1984,lê.d?c.uy241@yahoo.com,0882226119,"693 CMT8, C?n Tho"
CT142,675046498849,Ð?ng Minh Quyên,12/4/1979,truong.kim.giang539@gmail.com,0745536196,"472 Tr?n Hung Ð?o, TP.HCM"
CT143,025362524634,Ph?m Qu?c Phuong,10/1/1992,ngô.qu?c.mai185@student.edu.vn,0515202243,"150 CMT8, Hà N?i"
CT144,404186534280,Tr?n Thanh Bình,5/1/1979,ngô.minh.uy461@gmail.com,0323583436,"621 Nguy?n Hu?, Hu?"
CT145,561736478326,Lê Thanh Oanh,11/4/1997,d?.kim.quyên82@gmail.com,0833676387,"962 Tr?n Hung Ð?o, Hu?"
CT146,541812277230,Võ Gia Bình,5/13/1962,truong.qu?c.vy107@gmail.com,0360932741,"540 Nguy?n Hu?, TP.HCM"
CT147,039848951955,Võ Kim Son,12/17/2006,d?.gia.nam494@outlook.com,0520341057,"140 Tr?n Hung Ð?o, Ðà N?ng"
CT148,409940422034,Ð?ng Qu?c Quyên,6/2/1982,lê.qu?c.quyên270@yahoo.com,0942798627,"829 Tr?n Hung Ð?o, C?n Tho"
CT149,101144743190,Tr?n Minh Mai,3/21/1971,hu?nh.anh.an93@yahoo.com,0802474360,"83 Nguy?n Hu?, TP.HCM"
CT150,235182309739,Ph?m Van Khánh,5/5/2001,hu?nh.th?.vy485@yahoo.com,0763360952,"654 Tr?n Hung Ð?o, Hà N?i"
CT151,306924075329,Bùi Anh Giang,4/26/1993,truong.th?.linh512@yahoo.com,0963970315,"110 Nguy?n Hu?, C?n Tho"
CT152,297784163184,Võ Gia Nam,12/20/2003,ph?m.kim.h?nh332@outlook.com,0728950122,"376 Hai Bà Trung, TP.HCM"
CT153,757863630981,Ð? Anh Huy,10/29/1973,bùi.minh.oanh657@student.edu.vn,0315081824,"102 Lê L?i, Hu?"
CT154,634650270969,Ngô Th? Tài,6/12/1965,phan.gia.son814@outlook.com,0982003990,"743 Nguy?n Hu?, Hu?"
CT155,316595577567,Vu Th? H?nh,3/8/1976,d?ng.qu?c.vy674@outlook.com,0855995984,"649 Hai Bà Trung, Ðà N?ng"
CT156,652792943795,Ð?ng Thanh Nam,8/3/1960,hoàng.d?c.khánh23@outlook.com,0395550412,"911 Ph?m Ngu Lão, Hà N?i"
CT157,280397771865,Tr?n Kim Nam,5/9/1963,hu?nh.kim.quyên799@gmail.com,0993849177,"870 Ph?m Ngu Lão, TP.HCM"
CT158,660535361699,Truong Kim Vy,1/30/1968,ph?m.qu?c.nam152@student.edu.vn,0834752346,"781 Nguy?n Hu?, C?n Tho"
CT159,546167207390,Ð? Qu?c Son,10/8/1992,phan.d?c.oanh609@outlook.com,0971388649,"240 Nguy?n Hu?, Ðà N?ng"
CT160,170726182383,Võ Van Oanh,10/1/1978,hu?nh.gia.khánh560@yahoo.com,0575696639,"540 Lê L?i, Ðà N?ng"
CT161,127606032868,Nguy?n Minh Quyên,9/26/1980,vu.gia.dung497@outlook.com,0551549025,"342 Hai Bà Trung, C?n Tho"
CT162,706339920239,Nguy?n Gia Mai,3/27/1980,lê.ng?c.quyên90@yahoo.com,0756864543,"620 Tr?n Hung Ð?o, C?n Tho"
CT163,521588375199,Lê Kim H?nh,6/25/1988,tr?n.gia.huy189@gmail.com,0381039937,"842 CMT8, Ðà N?ng"
CT164,111096665200,Truong Anh Giang,1/24/2005,ngô.kim.uy189@outlook.com,0741107024,"761 CMT8, Hà N?i"
CT165,709984342407,Vu Ng?c Quyên,6/15/1963,d?ng.th?.tài847@student.edu.vn,0982590379,"195 Tr?n Hung Ð?o, C?n Tho"
CT166,338446051847,Tr?n Thanh Huy,2/20/1972,vu.qu?c.oanh26@student.edu.vn,0848880367,"168 CMT8, TP.HCM"
CT167,076077961501,Phan Kim Giang,7/18/1974,ngô.thanh.h?nh430@gmail.com,0337461126,"260 Lê L?i, C?n Tho"
CT168,448642644608,Hoàng Kim Huy,8/17/1978,nguy?n.thanh.giang669@gmail.com,0308682904,"183 Nguy?n Hu?, Ðà N?ng"
CT169,665714590233,Tr?n Qu?c Huy,10/28/1965,hoàng.anh.giang712@gmail.com,0334220595,"90 Hai Bà Trung, Hu?"
CT170,992635931556,Võ Thanh Linh,1/22/1986,ph?m.van.dung477@gmail.com,0972640382,"656 Nguy?n Hu?, Ðà N?ng"
CT171,203571335981,Ngô Ng?c Uy,7/27/2002,truong.van.giang160@student.edu.vn,0785374782,"743 CMT8, Ðà N?ng"
CT172,505397018335,Lê Kim Quyên,10/23/1976,bùi.th?.nam727@outlook.com,0920838351,"384 Lê L?i, Hà N?i"
CT173,940451975718,Ngô Gia Giang,5/29/1978,hu?nh.van.tài731@student.edu.vn,0513088381,"785 CMT8, Ðà N?ng"
CT174,076222576211,Bùi Gia Vy,3/8/1969,ph?m.gia.phuong278@outlook.com,0898513850,"30 Hai Bà Trung, TP.HCM"
CT175,104155866387,Ð? Gia Châu,10/11/2001,bùi.thanh.châu100@student.edu.vn,0736749182,"373 Hai Bà Trung, Hà N?i"
CT176,667840434176,Lê Gia Dung,5/24/1996,ngô.th?.oanh812@gmail.com,0354465933,"834 CMT8, Hu?"
CT177,495361677815,Phan Gia Dung,12/10/1999,lê.minh.quyên613@gmail.com,0965836021,"595 CMT8, TP.HCM"
CT178,764264282769,Vu Ng?c Châu,9/23/1960,bùi.gia.quyên873@yahoo.com,0309905912,"32 Nguy?n Hu?, C?n Tho"
CT179,733335641398,Lê Minh Giang,1/18/1972,nguy?n.th?.an739@yahoo.com,0769118886,"953 Hai Bà Trung, Hu?"
CT180,155431658254,Ð?ng Kim Phuong,1/1/1963,nguy?n.kim.uy116@outlook.com,0546179974,"81 Ph?m Ngu Lão, Hu?"
CT181,047906730374,Ð?ng Anh Oanh,10/8/1997,phan.minh.nam37@yahoo.com,0577504109,"829 CMT8, Hu?"
CT182,041072622769,Hu?nh Thanh Tài,3/4/1993,truong.thanh.mai497@yahoo.com,0878301914,"423 Hai Bà Trung, Hà N?i"
CT183,671580280444,Truong Gia Linh,1/27/1994,d?.qu?c.uy149@outlook.com,0580946960,"940 Ph?m Ngu Lão, Ðà N?ng"
CT184,949832063777,Bùi Ð?c Vy,4/9/1990,d?.thanh.oanh689@gmail.com,0980014221,"25 Ph?m Ngu Lão, TP.HCM"
CT185,058251906376,Truong Thanh Dung,7/12/1976,hoàng.minh.tài655@gmail.com,0792497310,"796 Lê L?i, C?n Tho"
CT186,392810923615,Vu Ð?c Dung,8/13/1999,hu?nh.minh.dung75@gmail.com,0952481696,"273 Nguy?n Hu?, Ðà N?ng"
CT187,955944877509,Ngô Anh Dung,3/14/1992,phan.minh.quyên648@gmail.com,0938387225,"991 Hai Bà Trung, Hà N?i"
CT188,231648410092,Vu Th? Huy,8/10/1987,võ.gia.tài38@gmail.com,0307018646,"896 Ph?m Ngu Lão, Hà N?i"
CT189,720740962606,Hoàng Th? Tài,4/25/1975,ngô.kim.châu117@gmail.com,0756023874,"124 CMT8, Hu?"
CT190,539201027131,Ph?m Kim Bình,12/19/1971,tr?n.kim.quyên17@yahoo.com,0700975267,"488 CMT8, Hà N?i"
CT191,265496014967,Phan Qu?c An,2/20/1981,ph?m.th?.vy634@gmail.com,0389546201,"153 CMT8, C?n Tho"
CT192,419032268410,Ð?ng Thanh H?nh,8/10/1962,võ.gia.dung917@gmail.com,0875316373,"101 Nguy?n Hu?, C?n Tho"
CT193,832448194317,Ð? Ng?c Mai,2/21/1978,phan.thanh.bình288@gmail.com,0814472217,"976 Ph?m Ngu Lão, Hà N?i"
CT194,552458244048,Ph?m Ng?c Son,12/14/1979,bùi.thanh.an46@student.edu.vn,0997543860,"508 Nguy?n Hu?, TP.HCM"
CT195,507912604378,Hu?nh Kim An,10/21/2000,võ.thanh.quyên809@yahoo.com,0367063652,"771 Tr?n Hung Ð?o, Hu?"
CT196,577087096813,Bùi Van Phuong,11/15/1992,lê.gia.châu142@yahoo.com,0321495927,"231 Tr?n Hung Ð?o, Ðà N?ng"
CT197,854034584588,Võ Kim Phuong,11/20/1965,ph?m.anh.châu401@gmail.com,0829126485,"643 Lê L?i, Ðà N?ng"
CT198,469447010885,Phan Qu?c Oanh,4/10/1989,võ.kim.vy469@student.edu.vn,0358372328,"152 Tr?n Hung Ð?o, Ðà N?ng"
CT199,419729866120,Phan Kim Giang,7/22/1999,hoàng.ng?c.h?nh576@yahoo.com,0969149510,"954 Hai Bà Trung, Hà N?i"
CT200,991955628979,Ð? Thanh Tài,5/21/1990,hu?nh.th?.uy143@gmail.com,0510623361,"540 Nguy?n Hu?, Ðà N?ng"
